_id,isPb,wpm,acc,rawWpm,consistency,charStats,mode,mode2,quoteLength,restartCount,testDuration,afkDuration,incompleteTestSeconds,punctuation,numbers,language,funbox,difficulty,lazyMode,blindMode,bailedOut,tags,timestamp
6a64dedcaf23e07586952b57,false,123.74,100,123.74,92.66,53;0;0;0,words,10,-1,9,5.14,0,12.97,false,false,english,,master,false,false,false,66f0476a66c51bbe14fbe34c;693b17813540add646bcb3ef,1784995547932
6a64debaaf23e07586952a08,false,125.15,100,125.15,83.85,51;0;0;0,words,10,-1,26,4.89,0,33.52,false,false,english,,master,false,false,false,66f0476a66c51bbe14fbe34c;693b17813540add646bcb3ef,1784995514347
6a64de6caf23e07586952728,false,126.32,100,126.32,90.19,56;0;0;0,words,10,-1,5,5.32,0,2.55,false,false,english,,master,false,false,false,66f0476a66c51bbe14fbe34c;693b17813540add646bcb3ef,1784995436645
6a64de5eaf23e07586952686,false,127.03,100,127.03,80,47;0;0;0,words,10,-1,43,4.44,0,44.81,false,false,english,,master,false,false,false,66f0476a66c51bbe14fbe34c;693b17813540add646bcb3ef,1784995421911
6a64ddfbaf23e075869522cb,false,130.81,100,130.81,82.99,46;0;0;0,words,10,-1,38,4.22,0,52.24,false,false,english,,master,false,false,false,66f0476a66c51bbe14fbe34c;693b17813540add646bcb3ef,1784995322808
6a64dd96af23e07586951f11,false,126.07,100,126.07,82.17,54;0;0;0,words,10,-1,0,5.14,0,0,false,false,english,,master,false,false,false,66f0476a66c51bbe14fbe34c;693b17813540add646bcb3ef,1784995221822
6a64dd8eaf23e07586951ecc,false,134.58,100,134.58,93.57,48;0;0;0,words,10,-1,38,4.28,0,48.9,false,false,english,,master,false,false,false,66f0476a66c51bbe14fbe34c;693b17813540add646bcb3ef,1784995214055
6a64dd2caf23e07586951b77,false,119.01,100,119.01,79.19,48;0;0;0,words,10,-1,61,4.84,0,68.88,false,false,english,,master,false,false,false,66f0476a66c51bbe14fbe34c;693b17813540add646bcb3ef,1784995116501
6a64dc9baf23e07586951644,false,134.55,100,134.55,86.85,49;0;0;0,words,10,-1,16,4.37,0,12.87,false,false,english,,master,false,false,false,66f0476a66c51bbe14fbe34c;693b17813540add646bcb3ef,1784994971680
6a64dc4faf23e07586951379,true,148.81,100,148.81,93.35,47;0;0;0,words,10,-1,17,3.79,0,20.7,false,false,english,,master,false,false,false,66f0476a66c51bbe14fbe34c;693b17813540add646bcb3ef,1784994895561
6a64dbf9af23e07586951033,false,116.46,100,116.46,80.41,46;0;0;0,words,10,-1,30,4.74,0,43.27,false,false,english,,master,false,false,false,66f0476a66c51bbe14fbe34c;693b17813540add646bcb3ef,1784994807477
6a64db9daf23e07586950ceb,false,135.68,100,135.68,88.05,45;0;0;0,words,10,-1,3,3.98,0,5.9,false,false,english,,master,false,false,false,66f0476a66c51bbe14fbe34c;693b17813540add646bcb3ef,1784994716357
6a64db8daf23e07586950c7a,false,128.22,100,128.22,84.26,39;0;0;0,words,10,-1,5,3.65,0,6.97,false,false,english,,master,false,false,false,66f0476a66c51bbe14fbe34c;693b17813540add646bcb3ef,1784994700490
6a64db7aaf23e07586950bc9,false,133.62,100,133.62,88.49,52;0;0;0,words,10,-1,2,4.67,0,3.5,false,false,english,,master,false,false,false,66f0476a66c51bbe14fbe34c;693b17813540add646bcb3ef,1784994681905
6a64db6caf23e07586950b49,false,133.93,100,133.93,93.57,50;0;0;0,words,10,-1,3,4.48,0,3.33,false,false,english,,master,false,false,false,66f0476a66c51bbe14fbe34c;693b17813540add646bcb3ef,1784994667821
6a64da28af23e07586950045,true,146.81,100,146.81,89.81,53;0;0;0,words,10,-1,3,3.76,0,1.7,false,false,english,,master,false,false,false,66f0476a66c51bbe14fbe34c;693b17813540add646bcb3ef,1784994343562
6a64da14af23e0758694ffa9,false,135.21,100,135.21,90.91,48;0;0;0,words,10,-1,12,4.26,0,23.39,false,false,english,,master,false,false,false,66f0476a66c51bbe14fbe34c;693b17813540add646bcb3ef,1784994323845
6a64d5b7af23e0758694d715,false,138.13,100,138.13,90.28,120;15;4;2,words,10,-1,3,4.17,0,5.58,false,false,english,,master,false,false,false,66f0476a66c51bbe14fbe34c;693b17813540add646bcb3ef,1784993206459
6a64d58faf23e0758694d5c9,false,130.91,100,130.91,91.75,111;3;1;1,words,10,-1,35,4.4,0,55,false,false,english,,master,false,false,false,66f0476a66c51bbe14fbe34c;693b17813540add646bcb3ef,1784993166740
6a64d52baf23e0758694d23f,false,114.8,100,114.8,85.62,110;11;4;1,words,10,-1,2,5.54,0,5.64,false,false,english,,master,false,false,false,66f0476a66c51bbe14fbe34c;693b17813540add646bcb3ef,1784993066721
6a64d514af23e0758694d167,false,101.44,100,101.44,75.34,517;4;1;0,words,10,-1,13,6.27,0,19.6,false,false,english,,master,false,false,false,66f0476a66c51bbe14fbe34c;693b17813540add646bcb3ef,1784993043371
6a639cbeaf23e075868c60e8,false,127.55,100,127.55,88.58,49;0;0;0,words,10,-1,37,4.61,0,41.41,false,false,english,,master,false,false,false,66f0476a66c51bbe14fbe34c;693b17813540add646bcb3ef,1784913086000
6a639c65af23e075868c5d93,false,131.98,100,131.98,86.75,54;0;0;0,words,10,-1,5,4.91,0,4.71,false,false,english,,master,false,false,false,66f0476a66c51bbe14fbe34c;693b17813540add646bcb3ef,1784912997000
6a639c22af23e075868c5b3c,false,123.84,100,123.84,89.63,58;0;0;0,words,10,-1,29,5.62,0,40.42,false,false,english,,master,false,false,false,66f0476a66c51bbe14fbe34c;693b17813540add646bcb3ef,1784912930000
6a639bcfaf23e075868c5857,false,136.13,100,136.13,85.21,54;0;0;0,words,10,-1,1,4.76,0,0.2,false,false,english,,master,false,false,false,66f0476a66c51bbe14fbe34c;693b17813540add646bcb3ef,1784912847000
6a639bc7af23e075868c5804,false,124.91,100,124.91,86.99,56;0;0;0,words,10,-1,49,5.38,0,94.88,false,false,english,,master,false,false,false,66f0476a66c51bbe14fbe34c;693b17813540add646bcb3ef,1784912839000
6a639ac7af23e075868c4ee4,false,123.27,100,123.27,82.57,49;0;0;0,words,10,-1,47,4.77,0,55.07,false,false,english,,master,false,false,false,66f0476a66c51bbe14fbe34c;693b17813540add646bcb3ef,1784912583000
6a639a52af23e075868c4ad1,false,132.11,100,132.11,86.85,48;0;0;0,words,10,-1,31,4.36,0,28.99,false,false,english,,master,false,false,false,66f0476a66c51bbe14fbe34c;693b17813540add646bcb3ef,1784912466000
6a639a0daf23e075868c4867,false,128.83,100,128.83,90.19,54;0;0;0,words,10,-1,6,5.03,0,5.02,false,false,english,,master,false,false,false,66f0476a66c51bbe14fbe34c;693b17813540add646bcb3ef,1784912397000
6a6399f3af23e075868c4753,false,136.13,100,136.13,86.59,54;0;0;0,words,10,-1,3,4.76,0,8.44,false,false,english,,master,false,false,false,66f0476a66c51bbe14fbe34c;693b17813540add646bcb3ef,1784912371000
6a6399b9af23e075868c4505,false,138.2,100,138.2,86.17,41;0;0;0,words,10,-1,1,3.56,0,0.85,false,false,english,,master,false,false,false,66f0476a66c51bbe14fbe34c;693b17813540add646bcb3ef,1784912313000
6a6399b1af23e075868c44ad,false,126.55,100,126.55,86.81,58;0;0;0,words,10,-1,4,5.5,0,5.54,false,false,english,,master,false,false,false,66f0476a66c51bbe14fbe34c;693b17813540add646bcb3ef,1784912305000
6a63999eaf23e075868c43fa,false,124.47,100,124.47,92.55,39;0;0;0,words,10,-1,60,3.76,0,65.93,false,false,english,,master,false,false,false,66f0476a66c51bbe14fbe34c;693b17813540add646bcb3ef,1784912286000
6a6398aeaf23e075868c3b4d,false,127.66,100,127.66,84.23,60;0;0;0,words,10,-1,11,5.64,0,19.26,false,false,english,,master,false,false,false,66f0476a66c51bbe14fbe34c;693b17813540add646bcb3ef,1784912046000
6a639833af23e075868c3728,false,138.46,100,138.46,90.28,48;0;0;0,words,10,-1,34,4.16,0,44.2,false,false,english,,master,false,false,false,66f0476a66c51bbe14fbe34c;693b17813540add646bcb3ef,1784911923000
6a6397beaf23e075868c329e,false,127.45,100,127.45,85.62,53;0;0;0,words,10,-1,5,4.99,0,6.14,false,false,english,,master,false,false,false,66f0476a66c51bbe14fbe34c;693b17813540add646bcb3ef,1784911806000
6a6397aaaf23e075868c31e6,false,137.84,100,137.84,86.85,51;0;0;0,words,10,-1,4,4.44,0,3.62,false,false,english,,master,false,false,false,66f0476a66c51bbe14fbe34c;693b17813540add646bcb3ef,1784911786000
6a639785af23e075868c307c,true,139.67,100,139.67,92.63,49;0;0;0,words,10,-1,2,4.21,0,1.45,false,false,english,,master,false,false,false,66f0476a66c51bbe14fbe34c;693b17813540add646bcb3ef,1784911749000
6a63975aaf23e075868c2f0c,false,128.49,100,128.49,86.73,59;0;0;0,words,10,-1,2,5.51,0,2.49,false,false,english,,master,false,false,false,66f0476a66c51bbe14fbe34c;693b17813540add646bcb3ef,1784911706000
6a63974daf23e075868c2e90,false,123.74,100,123.74,80.99,53;0;0;0,words,10,-1,14,5.14,0,21.07,false,false,english,,master,false,false,false,66f0476a66c51bbe14fbe34c;693b17813540add646bcb3ef,1784911693000
6a639718af23e075868c2cc5,false,126.78,100,126.78,84.31,58;0;0;0,words,10,-1,7,5.49,0,11.76,false,false,english,,master,false,false,false,66f0476a66c51bbe14fbe34c;693b17813540add646bcb3ef,1784911640000
6a6396feaf23e075868c2bdd,false,118.34,100,118.34,85.87,50;0;0;0,words,10,-1,60,5.07,0,72.06,false,false,english,,master,false,false,false,66f0476a66c51bbe14fbe34c;693b17813540add646bcb3ef,1784911614000
6a639649af23e075868c2536,false,121.61,100,121.61,84.51,53;0;0;0,words,10,-1,18,5.23,0,28.64,false,false,english,,master,false,false,false,66f0476a66c51bbe14fbe34c;693b17813540add646bcb3ef,1784911433000
6a639607af23e075868c22a3,false,133.65,100,133.65,82.93,47;0;0;0,words,10,-1,9,4.22,0,7.02,false,false,english,,master,false,false,false,66f0476a66c51bbe14fbe34c;693b17813540add646bcb3ef,1784911367000
6a6395d5af23e075868c20e1,false,125.64,100,125.64,82.68,49;0;0;0,words,10,-1,26,4.68,0,36.18,false,false,english,,master,false,false,false,66f0476a66c51bbe14fbe34c;693b17813540add646bcb3ef,1784911317000
6a627379af23e07586830fa5,false,123.44,100,123.44,91.91,43;0;0;0,words,10,-1,12,4.18,0,19.96,false,false,english,,master,false,false,false,66f0476a66c51bbe14fbe34c;693b17813540add646bcb3ef,1784836985000
6a627351af23e07586830e91,false,122.5,100,122.5,92.32,49;0;0;0,words,10,-1,7,4.8,0,7.21,false,false,english,,master,false,false,false,66f0476a66c51bbe14fbe34c;693b17813540add646bcb3ef,1784836945000
6a627339af23e07586830dd5,false,127.72,100,127.72,89.6,48;0;0;0,words,10,-1,4,4.51,0,7.08,false,false,english,,master,false,false,false,66f0476a66c51bbe14fbe34c;693b17813540add646bcb3ef,1784836921000
6a627328af23e07586830d5d,false,110.53,100,110.53,81.41,49;0;0;0,words,10,-1,3,5.32,0,3.6,false,false,english,,master,false,false,false,66f0476a66c51bbe14fbe34c;693b17813540add646bcb3ef,1784836904000
6a62731aaf23e07586830cf6,false,123.99,100,123.99,78.17,56;0;0;0,words,10,-1,3,5.42,0,4.9,false,false,english,,master,false,false,false,66f0476a66c51bbe14fbe34c;693b17813540add646bcb3ef,1784836890000
6a6272f5af23e07586830be4,false,120.47,100,120.47,84.51,51;0;0;0,words,10,-1,28,5.08,0,33.16,false,false,english,,master,false,false,false,66f0476a66c51bbe14fbe34c;693b17813540add646bcb3ef,1784836853000
6a6272aeaf23e075868309b8,false,116.13,100,116.13,90.25,60;0;0;0,words,10,-1,2,6.2,0,0.62,false,false,english,,master,false,false,false,66f0476a66c51bbe14fbe34c;693b17813540add646bcb3ef,1784836782000
6a6272a3af23e07586830971,false,122.97,100,122.97,89.66,58;0;0;0,words,10,-1,5,5.66,0,4.63,false,false,english,,master,false,false,false,66f0476a66c51bbe14fbe34c;693b17813540add646bcb3ef,1784836771000
6a627292af23e075868308fe,false,123.27,100,123.27,83.27,49;0;0;0,words,10,-1,5,4.77,0,4.32,false,false,english,,master,false,false,false,66f0476a66c51bbe14fbe34c;693b17813540add646bcb3ef,1784836754000
6a627283af23e0758683088f,false,107.96,100,107.96,80.72,52;0;0;0,words,10,-1,11,5.78,0,8.43,false,false,english,,master,false,false,false,66f0476a66c51bbe14fbe34c;693b17813540add646bcb3ef,1784836739000
6a62723caf23e0758683067d,false,112.29,96.49,125.5,90.19,51;2;0;0,words,10,-1,4,5.45,0,6.33,false,false,english,,normal,false,false,false,66f0476a66c51bbe14fbe34c;693b17813540add646bcb3ef,1784836668000
6a627229af23e07586830607,false,124.22,100,124.22,90.19,50;0;0;0,words,10,-1,5,4.83,0,10.51,false,false,english,,normal,false,false,false,66f0476a66c51bbe14fbe34c;693b17813540add646bcb3ef,1784836649000
6a627210af23e07586830551,false,119.27,100,119.27,86.11,49;0;0;0,words,10,-1,4,4.93,0,8.46,false,false,english,,normal,false,false,false,66f0476a66c51bbe14fbe34c;693b17813540add646bcb3ef,1784836624000
6a6271ffaf23e075868304cf,false,123.64,100,123.64,89.38,51;0;0;0,words,10,-1,1,4.95,0,1.03,false,false,english,,normal,false,false,false,66f0476a66c51bbe14fbe34c;693b17813540add646bcb3ef,1784836607000
6a6271e0af23e075868303ef,false,123.74,100,123.74,77.3,53;0;0;0,words,10,-1,0,5.14,0,0,false,false,english,,normal,false,false,false,66f0476a66c51bbe14fbe34c;693b17813540add646bcb3ef,1784836576000
6a6271daaf23e075868303c4,false,106.8,98.21,106.8,72.79,55;0;0;0,words,10,-1,4,6.18,0,5.34,false,false,english,,normal,false,false,false,66f0476a66c51bbe14fbe34c;693b17813540add646bcb3ef,1784836570000
6a6271c9af23e07586830355,false,122.39,100,122.39,92.93,46;0;0;0,words,10,-1,7,4.51,0,8.06,false,false,english,,normal,false,false,false,66f0476a66c51bbe14fbe34c;693b17813540add646bcb3ef,1784836553000
6a6271b5af23e075868302b0,false,111.48,100,111.48,82.71,51;0;0;0,words,10,-1,3,5.49,0,8.78,false,false,english,,normal,false,false,false,66f0476a66c51bbe14fbe34c;693b17813540add646bcb3ef,1784836533000
6a62718baf23e0758683018a,false,131.09,100,131.09,92.17,52;0;0;0,words,10,-1,0,4.76,0,0,false,false,english,,normal,false,false,false,66f0476a66c51bbe14fbe34c;693b17813540add646bcb3ef,1784836491000
6a627182af23e0758683015c,false,99.64,94.12,110.47,82.96,46;2;1;0,words,10,-1,20,5.54,0,42.33,false,false,english,,normal,false,false,false,66f0476a66c51bbe14fbe34c;693b17813540add646bcb3ef,1784836482000
6a627143af23e0758682ff9b,false,115.51,100,115.51,74.64,54;0;0;0,words,10,-1,31,5.61,0,57.3,false,false,english,,normal,false,false,false,66f0476a66c51bbe14fbe34c;693b17813540add646bcb3ef,1784836419000
6a6270e9af23e0758682fd24,false,115.75,96.15,122.83,88.57,49;2;0;0,words,10,-1,1,5.08,0,1.7,false,false,english,,normal,false,false,false,66f0476a66c51bbe14fbe34c;693b17813540add646bcb3ef,1784836329000
6a6270e0af23e0758682fce0,false,118.34,96.36,130.18,90.19,50;1;1;0,words,10,-1,13,5.07,0,23.75,false,false,english,,normal,false,false,false,66f0476a66c51bbe14fbe34c;693b17813540add646bcb3ef,1784836320000
6a6270abaf23e0758682fb3b,false,134.21,100,134.21,82.32,51;0;0;0,words,10,-1,4,4.56,0,9,false,false,english,,normal,false,false,false,66f0476a66c51bbe14fbe34c;693b17813540add646bcb3ef,1784836267000
6a627099af23e0758682fac0,false,111.74,94,121.46,83.67,46;3;0;0,words,10,-1,4,4.94,0,5.29,false,false,english,,normal,false,false,false,66f0476a66c51bbe14fbe34c;693b17813540add646bcb3ef,1784836249000
6a627083af23e0758682fa14,false,130.67,100,130.67,84.64,49;0;0;0,words,10,-1,4,4.5,0,14.93,false,false,english,,normal,false,false,false,66f0476a66c51bbe14fbe34c;693b17813540add646bcb3ef,1784836227000
6a627068af23e0758682f941,false,126.79,100,126.79,87.2,56;0;0;0,words,10,-1,0,5.3,0,0,false,false,english,,normal,false,false,false,66f0476a66c51bbe14fbe34c;693b17813540add646bcb3ef,1784836199000
6a627060af23e0758682f904,false,120.79,94,131.29,76.29,46;3;0;0,words,10,-1,2,4.57,0,1.41,false,false,english,,normal,false,false,false,66f0476a66c51bbe14fbe34c;693b17813540add646bcb3ef,1784836192000
6a627057af23e0758682f8c0,false,122.25,94.44,134.72,88.22,49;3;0;0,words,10,-1,3,4.81,0,4.79,false,false,english,,normal,false,false,false,66f0476a66c51bbe14fbe34c;693b17813540add646bcb3ef,1784836183000
6a627049af23e0758682f86d,false,56.02,98.15,60.5,9.62,50;1;0;0,words,10,-1,7,10.71,4,9.25,false,false,english,,normal,false,false,false,66f0476a66c51bbe14fbe34c;693b17813540add646bcb3ef,1784836169000
6a62702baf23e0758682f793,false,123.2,100,123.2,96.21,50;0;0;0,words,10,-1,18,4.87,0,31.38,false,false,english,,normal,false,false,false,66f0476a66c51bbe14fbe34c;693b17813540add646bcb3ef,1784836139000
6a626ff8af23e0758682f5fc,false,119.72,95.74,130.86,80.37,43;2;1;0,words,10,-1,10,4.31,0,25.08,false,false,english,,normal,false,false,false,66f0476a66c51bbe14fbe34c;693b17813540add646bcb3ef,1784836088000
6a626fc4af23e0758682f469,false,133.97,100,133.97,93.57,47;0;0;0,words,10,-1,0,4.21,0,0,false,false,english,,normal,false,false,false,66f0476a66c51bbe14fbe34c;693b17813540add646bcb3ef,1784836036000
6a626fbeaf23e0758682f43a,false,116.48,95.83,130.02,84.13,43;2;1;0,words,10,-1,2,4.43,0,3.41,false,false,english,,normal,false,false,false,66f0476a66c51bbe14fbe34c;693b17813540add646bcb3ef,1784836030000
6a626fb3af23e0758682f3dd,false,111.57,96,123.97,89.68,45;2;1;0,words,10,-1,5,4.84,0,7.8,false,false,english,,normal,false,false,false,66f0476a66c51bbe14fbe34c;693b17813540add646bcb3ef,1784836019000
6a62463caf23e07586817457,false,118.76,100,118.76,93.18,48;0;0;0,words,10,-1,21,4.85,0,35.92,false,false,english,,normal,false,false,false,66f0476a66c51bbe14fbe34c;693b17813540add646bcb3ef,1784825404000
6a61c0a5af23e075867c2e82,false,116.97,100,116.97,86.12,54;0;0;0,words,10,-1,10,5.54,0,20.98,false,false,english,,normal,false,false,false,,1784791205000
6a611bf2af23e0758677fac1,false,106.03,90,129.31,85.67,41;5;0;1,words,10,-1,12,4.64,0,20.43,false,false,english,,normal,false,false,false,66f0476a66c51bbe14fbe34c;693b17813540add646bcb3ef,1784749042000
6a611acaaf23e0758677f232,false,108.7,96.43,119.36,84.98,51;2;0;0,words,10,-1,13,5.63,0,16.41,false,false,english,,normal,false,false,false,66f0476a66c51bbe14fbe34c;693b17813540add646bcb3ef,1784748746000
6a611aa9af23e0758677f149,false,104.25,96.15,115.34,75.19,47;2;0;0,words,10,-1,8,5.41,0,11.78,false,false,english,,normal,false,false,false,66f0476a66c51bbe14fbe34c;693b17813540add646bcb3ef,1784748713000
6a611a91af23e0758677f07f,false,104.55,96,113.64,85.57,46;2;0;1,words,10,-1,9,5.28,0,13.9,false,false,english,,normal,false,false,false,66f0476a66c51bbe14fbe34c;693b17813540add646bcb3ef,1784748689000
6a611a76af23e0758677efb0,false,128.95,100,128.95,87.71,49;0;0;0,words,10,-1,19,4.56,0,23.97,false,false,english,,normal,false,false,false,66f0476a66c51bbe14fbe34c;693b17813540add646bcb3ef,1784748662000
6a611a3daf23e0758677edd2,false,131.51,100,131.51,87.2,56;0;0;0,words,10,-1,15,5.11,0,20.67,false,false,english,,normal,false,false,false,66f0476a66c51bbe14fbe34c;693b17813540add646bcb3ef,1784748605000
6a611a16af23e0758677eca6,false,112.57,96,119.76,92.36,47;2;1;0,words,10,-1,0,5.01,0,0,false,false,english,,normal,false,false,false,66f0476a66c51bbe14fbe34c;693b17813540add646bcb3ef,1784748566000
6a611a10af23e0758677ec81,false,116.5,100,116.5,88.56,60;0;0;0,words,10,-1,12,6.18,0,17.95,false,false,english,,normal,false,false,false,66f0476a66c51bbe14fbe34c;693b17813540add646bcb3ef,1784748560000
6a6119e2af23e0758677eb1b,false,131.78,100,131.78,89.35,47;0;0;0,words,10,-1,9,4.28,0,11.47,false,false,english,,normal,false,false,false,66f0476a66c51bbe14fbe34c;693b17813540add646bcb3ef,1784748514000
6a6119b3af23e0758677e9a8,false,116.06,100,116.06,90,53;0;0;0,words,10,-1,13,5.48,0,26.69,false,false,english,,normal,false,false,false,66f0476a66c51bbe14fbe34c;693b17813540add646bcb3ef,1784748467000
6a611986af23e0758677e86a,false,121.85,100,121.85,88.01,46;0;0;0,words,10,-1,5,4.53,0,10.25,false,false,english,,normal,false,false,false,66f0476a66c51bbe14fbe34c;693b17813540add646bcb3ef,1784748422000
6a611973af23e0758677e7dd,false,116.79,95.65,134.31,90.31,40;2;1;0,words,10,-1,0,4.11,0,0,false,false,english,,normal,false,false,false,66f0476a66c51bbe14fbe34c;693b17813540add646bcb3ef,1784748403000
6a61196daf23e0758677e7b8,false,104.68,94.83,104.68,65.85,54;0;0;0,words,10,-1,0,6.19,0,0,false,false,english,,normal,false,false,false,66f0476a66c51bbe14fbe34c;693b17813540add646bcb3ef,1784748397000
6a611966af23e0758677e779,false,111.29,95.92,118.55,70.66,46;2;1;0,words,10,-1,0,4.96,0,0,false,false,english,,normal,false,false,false,66f0476a66c51bbe14fbe34c;693b17813540add646bcb3ef,1784748390000
6a611960af23e0758677e753,false,111.88,100,111.88,85.95,51;0;0;0,words,10,-1,0,5.47,0,0,false,false,english,,normal,false,false,false,66f0476a66c51bbe14fbe34c;693b17813540add646bcb3ef,1784748384000
6a60e34eaf23e0758675bc5c,false,112.28,98.11,123.98,84.31,48;1;0;0,words,10,-1,6,5.13,0,14.82,false,false,english,,normal,false,false,false,66f0476a66c51bbe14fbe34c;693b17813540add646bcb3ef,1784734542000
6a60e335af23e0758675bb5c,false,89.9,98,104.53,83.98,43;1;0;0,words,10,-1,8,5.74,0,14.48,false,false,english,,normal,false,false,false,66f0476a66c51bbe14fbe34c;693b17813540add646bcb3ef,1784734517000
6a60e2c3af23e0758675b69e,false,128.27,100,128.27,87.92,45;0;0;0,words,10,-1,6,4.21,0,6.22,false,false,english,,normal,false,false,false,66f0476a66c51bbe14fbe34c;693b17813540add646bcb3ef,1784734403000
6a60e2b3af23e0758675b5f5,false,127.81,100,127.81,76.76,54;0;0;0,words,10,-1,3,5.07,0,4.11,false,false,english,,normal,false,false,false,66f0476a66c51bbe14fbe34c;693b17813540add646bcb3ef,1784734387000
6a60e2a6af23e0758675b565,false,75.84,94.12,84.27,81.3,45;2;1;0,words,10,-1,0,7.12,0,0,false,false,english,,normal,false,false,false,66f0476a66c51bbe14fbe34c;693b17813540add646bcb3ef,1784734374000
6a60e271af23e0758675b314,false,134.4,100,134.4,93.57,56;0;0;0,words,10,-1,3,5,0,7.75,false,false,english,,normal,false,false,false,66f0476a66c51bbe14fbe34c;693b17813540add646bcb3ef,1784734321000
6a5fc1b3af23e075866ca573,false,109.29,96.15,115.99,80.68,49;2;1;0,words,10,-1,8,5.38,0,17.47,false,false,english,,normal,false,false,false,66f0476a66c51bbe14fbe34c;693b17813540add646bcb3ef,1784660403000
6a5fc14caf23e075866ca23b,false,115.97,98,126.05,92.63,46;1;0;1,words,10,-1,2,4.76,0,1.86,false,false,english,,normal,false,false,false,66f0476a66c51bbe14fbe34c;693b17813540add646bcb3ef,1784660300000
6a5fc143af23e075866ca1d9,false,95.64,80,125.24,88.57,42;10;1;0,words,10,-1,10,5.27,0,18.99,false,false,english,,normal,false,false,false,66f0476a66c51bbe14fbe34c;693b17813540add646bcb3ef,1784660291000
6a5fc121af23e075866ca0d6,false,120.45,100,120.45,85,53;0;0;0,words,10,-1,0,5.28,0,0,false,false,english,,normal,false,false,false,66f0476a66c51bbe14fbe34c;693b17813540add646bcb3ef,1784660257000
6a5fc11aaf23e075866ca0a1,false,104.97,87.04,128.83,90.38,44;7;0;1,words,10,-1,1,5.03,0,0.89,false,false,english,,normal,false,false,false,66f0476a66c51bbe14fbe34c;693b17813540add646bcb3ef,1784660250000
6a5fc113af23e075866ca05d,false,89.59,80.85,127.6,93.57,33;9;1;1,words,10,-1,2,4.42,0,2.78,false,false,english,,normal,false,false,false,66f0476a66c51bbe14fbe34c;693b17813540add646bcb3ef,1784660243000
6a5fc108af23e075866c9ffb,false,97.61,91.38,111,79.67,51;5;0;0,words,10,-1,9,6.27,0,16.47,false,false,english,,normal,false,false,false,66f0476a66c51bbe14fbe34c;693b17813540add646bcb3ef,1784660232000
6a5fc092af23e075866c9bee,false,117.54,95.83,131.21,82.14,43;2;0;0,words,10,-1,0,4.39,0,0,false,false,english,,normal,false,false,false,66f0476a66c51bbe14fbe34c;693b17813540add646bcb3ef,1784660114000
6a5fc08baf23e075866c9bb8,false,116.78,100,116.78,87.42,58;0;0;0,words,10,-1,1,5.96,0,3.25,false,false,english,,normal,false,false,false,66f0476a66c51bbe14fbe34c;693b17813540add646bcb3ef,1784660107000
6a5fc010af23e075866c973d,false,115.99,100,115.99,91.49,52;0;0;0,words,10,-1,3,5.38,0,6.95,false,false,english,,normal,false,false,false,66f0476a66c51bbe14fbe34c;693b17813540add646bcb3ef,1784659984000
6a5fc000af23e075866c96ac,false,101.66,98,110.5,84.03,46;1;1;0,words,10,-1,2,5.43,0,1.87,false,false,english,,normal,false,false,false,66f0476a66c51bbe14fbe34c;693b17813540add646bcb3ef,1784659968000
6a5fbff6af23e075866c9643,false,111.92,96.72,126.42,86.59,54;2;1;0,words,10,-1,13,5.79,0,25.32,false,false,english,,normal,false,false,false,66f0476a66c51bbe14fbe34c;693b17813540add646bcb3ef,1784659958000
6a5fbfcbaf23e075866c94c6,false,100.55,98.11,115.85,76.38,46;1;0;1,words,10,-1,11,5.49,0,11.2,false,false,english,,normal,false,false,false,66f0476a66c51bbe14fbe34c;693b17813540add646bcb3ef,1784659915000
6a5fbfb1af23e075866c93b9,false,108.62,96,129.31,93.1,42;2;1;0,words,10,-1,2,4.64,0,2.6,false,false,english,,normal,false,false,false,66f0476a66c51bbe14fbe34c;693b17813540add646bcb3ef,1784659889000
6a5fbfa6af23e075866c9368,false,116.46,97.87,116.46,70.42,46;0;0;0,words,10,-1,5,4.74,0,11.25,false,false,english,,normal,false,false,false,66f0476a66c51bbe14fbe34c;693b17813540add646bcb3ef,1784659878000
6a5fbf91af23e075866c92bb,false,107.5,96.3,118.46,74.83,49;2;0;0,words,10,-1,2,5.47,0,3.91,false,false,english,,normal,false,false,false,66f0476a66c51bbe14fbe34c;693b17813540add646bcb3ef,1784659857000
6a5fbf85af23e075866c9244,false,116.63,100,116.63,88.1,45;0;0;0,words,10,-1,4,4.63,0,3.84,false,false,english,,normal,false,false,false,66f0476a66c51bbe14fbe34c;693b17813540add646bcb3ef,1784659845000
6a5fbe9caf23e075866c8a78,false,92.68,85.71,119.51,87.56,38;6;1;0,words,10,-1,3,4.92,0,16.79,false,false,english,,normal,false,false,false,66f0476a66c51bbe14fbe34c;693b17813540add646bcb3ef,1784659612000
6a5fbd77af23e075866c80ec,false,121.95,100,121.95,88.38,50;0;0;0,words,10,-1,12,4.92,0,32.54,false,false,english,,normal,false,false,false,66f0476a66c51bbe14fbe34c;693b17813540add646bcb3ef,1784659319000
6a5fbd48af23e075866c7f44,false,96.35,92.16,111.68,88.1,44;4;1;0,words,10,-1,5,5.48,0,7.18,false,false,english,,normal,false,false,false,66f0476a66c51bbe14fbe34c;693b17813540add646bcb3ef,1784659272000
6a5fbd21af23e075866c7de2,false,79.89,94.23,86.69,64.57,47;2;0;0,words,10,-1,0,7.06,0,0,false,false,english,,normal,false,false,false,66f0476a66c51bbe14fbe34c;693b17813540add646bcb3ef,1784659233000
6a5fbd18af23e075866c7d95,false,62.88,84,85.59,61.39,36;7;1;0,words,10,-1,2,6.87,0,6.21,false,false,english,,normal,false,false,false,66f0476a66c51bbe14fbe34c;693b17813540add646bcb3ef,1784659224000
6a5fbd08af23e075866c7d11,false,54.72,76.92,101.63,70.07,28;9;5;0,words,10,-1,5,6.14,0,5.98,false,false,english,,normal,false,false,false,66f0476a66c51bbe14fbe34c;693b17813540add646bcb3ef,1784659208000
6a5fbcf6af23e075866c7c8c,false,112.89,96.55,121.25,86.61,54;2;0;0,words,10,-1,4,5.74,0,6.86,false,false,english,,normal,false,false,false,66f0476a66c51bbe14fbe34c;693b17813540add646bcb3ef,1784659190000
6a5fbce6af23e075866c7bee,false,124.14,100,124.14,86.99,54;0;0;0,words,10,-1,30,5.22,0,54.11,false,false,english,,normal,false,false,false,66f0476a66c51bbe14fbe34c;693b17813540add646bcb3ef,1784659174000
6a5fbc94af23e075866c7923,false,128.95,100,128.95,81.56,49;0;0;0,words,10,-1,6,4.56,0,8.4,false,false,english,,normal,false,false,false,66f0476a66c51bbe14fbe34c;693b17813540add646bcb3ef,1784659092000
6a5fbc81af23e075866c7863,false,121.67,92.98,135.98,89.59,51;3;1;0,words,10,-1,1,5.03,0,0.64,false,false,english,,normal,false,false,false,66f0476a66c51bbe14fbe34c;693b17813540add646bcb3ef,1784659073000
6a5fbc7aaf23e075866c781e,false,108.18,100,108.18,90.94,54;0;0;0,words,10,-1,4,5.99,0,7.04,false,false,english,,normal,false,false,false,66f0476a66c51bbe14fbe34c;693b17813540add646bcb3ef,1784659066000
6a5fbc69af23e075866c776d,false,118.22,100,118.22,92.36,53;0;0;0,words,10,-1,16,5.38,0,24.94,false,false,english,,normal,false,false,false,66f0476a66c51bbe14fbe34c;693b17813540add646bcb3ef,1784659049000
6a5fbc3eaf23e075866c75ea,false,124.6,100,124.6,91.91,46;0;0;0,words,10,-1,19,4.43,0,33.77,false,false,english,,normal,false,false,false,66f0476a66c51bbe14fbe34c;693b17813540add646bcb3ef,1784659006000
6a5fbbfbaf23e075866c73c7,false,127.5,100,127.5,87.14,51;0;0;0,words,10,-1,4,4.8,0,10.89,false,false,english,,normal,false,false,false,66f0476a66c51bbe14fbe34c;693b17813540add646bcb3ef,1784658939000
6a5fbbe6af23e075866c7301,false,114.97,96.23,126.95,92.31,48;2;0;0,words,10,-1,8,5.01,0,14.26,false,false,english,,normal,false,false,false,66f0476a66c51bbe14fbe34c;693b17813540add646bcb3ef,1784658918000
6a5fbbccaf23e075866c722d,false,87.37,89.13,118.2,87.88,34;5;2;0,words,10,-1,0,4.67,0,0,false,false,english,,normal,false,false,false,66f0476a66c51bbe14fbe34c;693b17813540add646bcb3ef,1784658892000
6a5fbbc6af23e075866c71f6,false,114.87,100,114.87,78.54,47;0;0;0,words,10,-1,17,4.91,0,34.17,false,false,english,,normal,false,false,false,66f0476a66c51bbe14fbe34c;693b17813540add646bcb3ef,1784658886000
6a5fbb90af23e075866c701f,false,112.64,100,112.64,80.91,52;0;0;0,words,10,-1,5,5.54,0,5.95,false,false,english,,normal,false,false,false,66f0476a66c51bbe14fbe34c;693b17813540add646bcb3ef,1784658832000
6a5fbb7daf23e075866c6f88,false,114.29,95.65,131.43,85.71,40;2;1;0,words,10,-1,3,4.2,0,2.88,false,false,english,,normal,false,false,false,66f0476a66c51bbe14fbe34c;693b17813540add646bcb3ef,1784658813000
6a5fbb72af23e075866c6f2c,false,121.15,93.48,129.81,85.63,42;2;0;0,words,10,-1,3,4.16,0,3.79,false,false,english,,normal,false,false,false,66f0476a66c51bbe14fbe34c;693b17813540add646bcb3ef,1784658802000
6a5fbb67af23e075866c6ecf,false,99.8,92,121.7,72.69,41;4;1;0,words,10,-1,9,4.93,0,11.14,false,false,english,,normal,false,false,false,66f0476a66c51bbe14fbe34c;693b17813540add646bcb3ef,1784658791000
6a592c04af23e075863bac2f,false,116.91,100,116.91,82.71,53;0;0;0,words,10,-1,6,5.44,0,12.04,false,false,english,,normal,false,false,false,,1784228868000
6a592bf1af23e075863bab9a,false,110.56,100,110.56,78.92,48;0;0;0,words,10,-1,38,5.21,0,73.3,false,false,english,,normal,false,false,false,,1784228849000
6a592b7faf23e075863ba847,false,123.46,100,123.46,93.86,50;0;0;0,words,10,-1,2,4.86,0,3.3,false,false,english,,normal,false,false,false,,1784228735000
6a592b73af23e075863ba7ee,false,121.81,96.15,134.77,86.1,47;2;0;0,words,10,-1,3,4.63,0,7.55,false,false,english,,normal,false,false,false,,1784228723000
6a592b63af23e075863ba766,false,117.55,96.3,132.24,91.87,48;2;1;0,words,10,-1,1,4.9,0,2.6,false,false,english,,normal,false,false,false,,1784228707000
6a592b58af23e075863ba720,false,113.48,96.15,125.55,90.42,47;2;0;0,words,10,-1,0,4.97,0,0,false,false,english,,normal,false,false,false,,1784228696000
6a592b54af23e075863ba700,false,88.78,80.49,125.51,79.59,29;8;0;5,words,10,-1,1,3.92,0,1.54,false,false,english,,normal,false,false,false,,1784228692000
6a592b4aaf23e075863ba6b3,false,118.27,95.65,132.69,86.24,41;2;1;0,words,10,-1,4,4.16,0,8.41,false,false,english,,normal,false,false,false,,1784228682000
6a592b39af23e075863ba624,false,112.71,96.49,125.97,90.39,51;2;1;0,words,10,-1,2,5.43,0,4.92,false,false,english,,normal,false,false,false,,1784228665000
6a592b18af23e075863ba53c,false,136.19,100,136.19,85.23,53;0;0;0,words,10,-1,2,4.67,0,2.37,false,false,english,,normal,false,false,false,67a8ccc1c60cdb18429e94ab;66f0476a66c51bbe14fbe34c,1784228632000
6a592b07af23e075863ba4b1,false,122.45,100,122.45,90.39,50;0;0;0,words,10,-1,0,4.9,0,0,false,false,english,,normal,false,false,false,,1784228615000
6a592ad4af23e075863ba332,false,118.57,100,118.57,89,58;0;0;0,words,10,-1,5,5.87,0,6.71,false,false,english,,normal,false,false,false,,1784228564000
6a592ac2af23e075863ba29a,false,121.81,100,121.81,88.36,47;0;0;0,words,10,-1,11,4.63,0,21.92,false,false,english,,normal,false,false,false,,1784228546000
6a592a9aaf23e075863ba158,false,131.07,100,131.07,95.97,45;0;0;0,words,10,-1,7,4.12,0,9.24,false,false,english,,normal,false,false,false,,1784228506000
6a592a84af23e075863ba08f,false,128.48,100,128.48,80.54,50;0;0;0,words,10,-1,2,4.67,0,6.17,false,false,english,,normal,false,false,false,,1784228484000
6a592a74af23e075863ba01b,false,117.48,100,117.48,89.13,56;0;0;0,words,10,-1,0,5.72,0,0,false,false,english,,normal,false,false,false,,1784228468000
6a592a6eaf23e075863b9fe8,false,98.1,94,114.07,78.09,43;3;0;1,words,10,-1,1,5.26,0,3.08,false,false,english,,normal,false,false,false,,1784228462000
6a591b6daf23e075863b19b9,false,109.52,94.23,123.81,85.59,46;3;0;0,words,10,-1,13,5.04,0,20.05,false,false,english,,normal,false,false,false,,1784224621000
6a591b4aaf23e075863b1867,false,120.77,96.15,133.62,86.02,47;2;1;0,words,10,-1,3,4.67,0,4.63,false,false,english,,normal,false,false,false,,1784224586000
6a591b3eaf23e075863b17ef,false,105.22,95.74,117.75,79.8,42;2;1;0,words,10,-1,7,4.79,0,13.41,false,false,english,,normal,false,false,false,,1784224574000
6a59116caf23e075863ab941,false,114.51,94.34,126.44,90.19,48;3;0;0,words,10,-1,0,5.03,0,0,false,false,english,,normal,false,false,false,,1784222060000
6a591166af23e075863ab8fb,false,115.34,97.96,117.79,92.63,47;0;0;2,words,10,-1,1,4.89,0,3.88,false,false,english,,normal,false,false,false,,1784222054000
6a591146af23e075863ab792,false,89.69,90,107.62,71.83,50;5;1;0,words,10,-1,3,6.69,0,3.79,false,false,english,,normal,false,false,false,,1784222022000
6a591138af23e075863ab6f3,false,105.6,98.21,105.6,71.95,55;0;0;0,words,10,-1,11,6.25,0,24.46,false,false,english,,normal,false,false,false,,1784222008000
6a57a2b3af23e075862ed3ce,false,121.8,100,121.8,82.11,54;0;0;0,words,10,-1,11,5.32,0,31.23,false,false,english,,normal,false,false,false,,1784128179000
6a57a285af23e075862ed201,false,116.96,100,116.96,89.38,50;0;0;0,words,10,-1,1,5.13,0,2.48,false,false,english,,normal,false,false,false,,1784128133000
6a57a27caf23e075862ed199,false,105.06,96.08,119.07,82.44,45;2;1;0,words,10,-1,0,5.14,0,0,false,false,english,,normal,false,false,false,,1784128124000
6a57a276af23e075862ed162,false,105.66,98.25,105.66,76.97,56;0;0;0,words,10,-1,0,6.36,0,0,false,false,english,,normal,false,false,false,,1784128118000
6a538c3baf23e075860d9be5,false,116.61,98.21,116.61,72.2,55;0;0;0,words,10,-1,0,5.66,0,0,false,false,english,,normal,false,false,false,,1783860283000
6a538c32af23e075860d9ba4,false,120.65,100,120.65,86.44,56;0;0;0,words,10,-1,1,5.57,0,1.75,false,false,english,,normal,false,false,false,,1783860274000
6a538c28af23e075860d9b68,false,108.71,100,108.71,84.21,52;0;0;0,words,10,-1,0,5.74,0,0,false,false,english,,normal,false,false,false,,1783860264000
6a4dfc0aaf23e07586e3cb29,false,118.44,100,118.44,94.79,53;0;0;0,words,10,-1,7,5.37,0,9.61,false,false,english,,normal,false,false,false,,1783495690000
6a4dfbf5af23e07586e3ca8a,false,125.91,100,125.91,89,49;0;0;0,words,10,-1,6,4.67,0,12.73,false,false,english,,normal,false,false,false,,1783495669000
6a4dfbdeaf23e07586e3c9c9,false,138.18,100,138.18,89.25,57;0;0;0,words,10,-1,6,4.95,0,10.68,false,false,english,,normal,false,false,false,,1783495646000
6a4dfbc9af23e07586e3c909,false,123.41,100,123.41,87.11,47;0;0;0,words,10,-1,2,4.57,0,1.97,false,false,english,,normal,false,false,false,,1783495625000
6a4dfbc0af23e07586e3c8c0,false,126.63,100,126.63,90.19,42;0;0;0,words,10,-1,12,3.98,0,25.11,false,false,english,,normal,false,false,false,,1783495616000
6a4dfb97af23e07586e3c74d,false,106.12,92,136.05,92.29,39;4;1;0,words,10,-1,4,4.41,0,10.07,false,false,english,,normal,false,false,false,,1783495575000
6a4dfb85af23e07586e3c6be,false,113.43,91.49,140.3,92.47,38;4;1;0,words,10,-1,6,4.02,0,10.63,false,false,english,,normal,false,false,false,,1783495557000
6a4dfb0faf23e07586e3c2ed,false,141.57,100,141.57,89.26,42;0;0;0,words,10,-1,1,3.56,0,0.69,false,false,english,,normal,false,false,false,,1783495439000
6a4dfb09af23e07586e3c2af,false,104.35,95.65,104.35,64.87,44;0;0;0,words,10,-1,0,5.06,0,0,false,false,english,,normal,false,false,false,,1783495433000
6a4dfb03af23e07586e3c280,false,96.39,86,118.07,74.52,40;5;1;1,words,10,-1,3,4.98,0,6.51,false,false,english,,normal,false,false,false,,1783495427000
6a4dfaf4af23e07586e3c1f6,false,129.73,100,129.73,92.29,44;0;0;0,words,10,-1,1,4.07,0,0.8,false,false,english,,normal,false,false,false,,1783495412000
6a4dfaedaf23e07586e3c1b9,false,105.03,96.08,113.97,78.09,47;2;1;0,words,10,-1,5,5.37,0,13.08,false,false,english,,normal,false,false,false,,1783495405000
6a4dfad7af23e07586e3c108,false,104.11,89.36,128.77,91.91,38;5;0;1,words,10,-1,2,4.38,0,5.57,false,false,english,,normal,false,false,false,,1783495383000
6a4dfacbaf23e07586e3c09b,false,108.2,95.83,118.03,88.03,44;2;0;0,words,10,-1,4,4.88,0,6.13,false,false,english,,normal,false,false,false,,1783495371000
6a4dfabcaf23e07586e3c026,false,97.53,92.98,120.85,79.37,46;4;1;0,words,10,-1,2,5.66,0,2.02,false,false,english,,normal,false,false,false,,1783495356000
6a4dfab2af23e07586e3bfba,false,136.56,100,136.56,92.63,47;0;0;0,words,10,-1,4,4.13,0,14.32,false,false,english,,normal,false,false,false,,1783495346000
6a4dfa98af23e07586e3bec8,false,103.65,94.55,103.65,64.29,52;0;0;0,words,10,-1,1,6.02,0,3.07,false,false,english,,normal,false,false,false,,1783495320000
6a4dfa8caf23e07586e3be4d,false,95.82,88,109.51,62.17,42;4;0;0,words,10,-1,14,5.26,0,29.21,false,false,english,,normal,false,false,false,,1783495308000
6a4dfa58af23e07586e3bc79,false,133.06,100,133.06,92.79,55;0;0;0,words,10,-1,9,4.96,0,16.19,false,false,english,,normal,false,false,false,,1783495256000
6a4dfa3caf23e07586e3bb66,false,99.36,93.75,119.75,92.52,39;2;1;2,words,10,-1,10,4.71,0,20.83,false,false,english,,normal,false,false,false,,1783495228000
6a4dfa1baf23e07586e3ba37,false,119.36,100,119.36,82.43,56;0;0;0,words,10,-1,5,5.63,0,8.45,false,false,english,,normal,false,false,false,,1783495195000
6a4dfa08af23e07586e3b99a,false,108.32,96.55,123.19,92.99,51;2;0;0,words,10,-1,2,5.65,0,4.05,false,false,english,,normal,false,false,false,,1783495176000
6a4df9fcaf23e07586e3b934,false,124.03,100,124.03,90.75,40;0;0;0,words,10,-1,7,3.87,0,13.64,false,false,english,,normal,false,false,false,,1783495164000
6a4df9b0af23e07586e3b6ae,false,97.35,96.08,107.94,78.91,46;2;1;0,words,10,-1,5,5.67,0,14.09,false,false,english,,normal,false,false,false,,1783495088000
6a4df997af23e07586e3b5d4,false,130.67,100,130.67,92.02,49;0;0;0,words,10,-1,0,4.5,0,0,false,false,english,,normal,false,false,false,,1783495063000
6a4df992af23e07586e3b5a3,false,85.53,85.11,121.81,71.88,33;6;1;1,words,10,-1,5,4.63,0,6.37,false,false,english,,normal,false,false,false,,1783495058000
6a4df982af23e07586e3b50d,false,114.65,93.88,124.84,86.88,45;3;0;1,words,10,-1,0,4.71,0,0,false,false,english,,normal,false,false,false,,1783495042000
6a4df97baf23e07586e3b4e5,false,118.07,100,118.07,67.33,55;0;0;0,words,10,-1,6,5.59,0,11.21,false,false,english,,normal,false,false,false,,1783495035000
6a4df966af23e07586e3b3f7,false,100.41,93.48,110.2,82.71,41;2;0;0,words,10,-1,8,4.9,0,14.13,false,false,english,,normal,false,false,false,,1783495014000
6a4df94baf23e07586e3b2ee,false,138.86,100,138.86,86.98,53;0;0;0,words,10,-1,0,4.58,0,0,false,false,english,,normal,false,false,false,,1783494987000
6a4df923af23e07586e3b14f,false,109.8,95.74,122.88,82.27,42;2;0;0,words,10,-1,12,4.59,0,21.01,false,false,english,,normal,false,false,false,,1783494947000
6a4df8f7af23e07586e3afa0,false,90.26,84.75,121.03,81.1,44;9;0;1,words,10,-1,6,5.85,0,12.18,false,false,english,,normal,false,false,false,,1783494903000
6a4df8daaf23e07586e3aea0,false,117.18,95.08,132.37,83.32,54;3;1;0,words,10,-1,8,5.53,0,12.35,false,false,english,,normal,false,false,false,,1783494874000
6a4df8c1af23e07586e3adb9,false,131.47,100,131.47,86.24,47;0;0;0,words,10,-1,12,4.29,0,19.46,false,false,english,,normal,false,false,false,,1783494849000
6a4df89eaf23e07586e3ac4e,false,135.65,100,135.65,85.71,52;0;0;0,words,10,-1,8,4.6,0,13.59,false,false,english,,normal,false,false,false,,1783494814000
6a4df885af23e07586e3ab5e,false,107.84,92.98,130.78,86.96,47;4;1;0,words,10,-1,7,5.23,0,7.82,false,false,english,,normal,false,false,false,,1783494789000
6a4df872af23e07586e3aaa1,false,127.27,96.23,137.66,89.95,49;2;1;0,words,10,-1,2,4.62,0,2.07,false,false,english,,normal,false,false,false,,1783494770000
6a4df869af23e07586e3aa4f,false,114.09,100,114.09,83.39,56;0;0;0,words,10,-1,7,5.89,0,12.69,false,false,english,,normal,false,false,false,,1783494761000
6a4df84faf23e07586e3a95f,false,128.88,96,143.2,92.94,45;2;1;0,words,10,-1,1,4.19,0,0.72,false,false,english,,normal,false,false,false,,1783494735000
6a4df848af23e07586e3a916,false,132.53,100,132.53,94.73,55;0;0;0,words,10,-1,5,4.98,0,8.56,false,false,english,,normal,false,false,false,,1783494728000
6a4df826af23e07586e3a7e3,false,139.13,100,139.13,87.41,48;0;0;0,words,10,-1,1,4.14,0,1.07,false,false,english,,normal,false,false,false,,1783494694000
6a4df81faf23e07586e3a79f,false,120.28,93.75,134.27,92.63,43;3;0;1,words,10,-1,2,4.29,0,6.23,false,false,english,,normal,false,false,false,,1783494687000
6a4df811af23e07586e3a715,false,116.46,96.23,134.18,92.83,46;2;1;0,words,10,-1,3,4.74,0,4.65,false,false,english,,normal,false,false,false,,1783494673000
6a4df804af23e07586e3a6b0,false,131.09,100,131.09,87.31,52;0;0;0,words,10,-1,0,4.76,0,0,false,false,english,,normal,false,false,false,,1783494660000
6a4df7f6af23e07586e3a637,false,110.53,100,110.53,86.75,49;0;0;0,words,10,-1,0,5.32,0,0,false,false,english,,normal,false,false,false,,1783494646000
6a4b57aa61e093d47bca8f98,false,103.52,92.59,114.08,80.93,49;4;0;0,words,10,-1,13,5.68,0,19.66,false,false,english,,normal,false,false,false,,1783322538000
6a4b578861e093d47bca8e63,false,115.79,100,115.79,83.47,55;0;0;0,words,10,-1,8,5.7,0,16.2,false,false,english,,normal,false,false,false,,1783322504000
6a4b515f61e093d47bca59b1,false,87.41,94.12,87.41,66.39,48;0;0;0,words,10,-1,0,6.59,0,0,false,false,english,,normal,false,false,false,,1783320927000
6a4b515761e093d47bca596b,false,108.9,100,108.9,88.8,53;0;0;0,words,10,-1,11,5.84,0,23.76,false,false,english,,normal,false,false,false,,1783320919000
6a4b512d61e093d47bca5814,false,135.71,100,135.71,85.71,57;0;0;0,words,10,-1,0,5.04,0,0,false,false,english,,normal,false,false,false,,1783320877000
6a4b512661e093d47bca57d9,false,119.49,100,119.49,93.56,47;0;0;0,words,10,-1,1,4.72,0,0.69,false,false,english,,normal,false,false,false,,1783320870000
6a4b511f61e093d47bca579d,false,92.93,92.31,103.03,80.55,46;2;1;0,words,10,-1,7,5.94,0,14.29,false,false,english,,normal,false,false,false,,1783320863000
6a4b4fc161e093d47bca4cd9,false,86.75,88.24,105.34,76.7,42;6;0;1,words,10,-1,3,5.81,0,5.91,false,false,english,,normal,false,false,false,,1783320513000
6a4b4fb261e093d47bca4c5f,false,114.29,100,114.29,80.27,52;0;0;0,words,10,-1,0,5.46,0,0,false,false,english,,normal,false,false,false,,1783320498000
6a4b4fab61e093d47bca4c32,false,111.68,100,111.68,85.57,51;0;0;0,words,10,-1,0,5.48,0,0,false,false,english,,normal,false,false,false,,1783320491000
6a4b4fa461e093d47bca4c02,false,95.09,94.55,104.6,87.24,50;3;0;1,words,10,-1,2,6.31,0,2.46,false,false,english,,normal,false,false,false,,1783320484000
6a4b496b61e093d47bca190c,false,99.66,100,99.66,72.06,49;0;0;0,words,10,-1,0,5.9,0,0,false,false,english,,normal,false,false,false,,1783318891000
6a4b496461e093d47bca18d2,false,86.68,94.12,98.23,79.59,45;2;1;0,words,10,-1,1,6.23,0,3.17,false,false,english,,normal,false,false,false,,1783318884000
6a4b495861e093d47bca186d,false,90.4,96.23,90.4,80.16,51;0;0;0,words,10,-1,5,6.77,0,12.25,false,false,english,,normal,false,false,false,,1783318872000
6a49054961e093d47bbb7e1d,false,119.47,94,132.74,85.66,45;3;0;0,words,10,-1,2,4.52,0,2.24,false,false,english,,normal,false,false,false,,1783170377000
6a49054061e093d47bbb7dda,false,109.91,100,109.91,76.79,49;0;0;0,words,10,-1,8,5.35,0,18.17,false,false,english,,normal,false,false,false,,1783170368000
6a49052161e093d47bbb7cec,false,122.39,92.16,135.7,86.98,46;3;1;0,words,10,-1,1,4.51,0,2.29,false,false,english,,normal,false,false,false,,1783170337000
6a4904bf61e093d47bbb79cc,false,129.39,100,129.39,83.39,51;0;0;0,words,10,-1,3,4.73,0,8.54,false,false,english,,normal,false,false,false,,1783170239000
6a4904ad61e093d47bbb7939,false,111.24,100,111.24,82.61,47;0;0;0,words,10,-1,0,5.07,0,0,false,false,english,,normal,false,false,false,,1783170221000
6a4904a661e093d47bbb78fe,false,135.1,100,135.1,93.41,51;0;0;0,words,10,-1,0,4.53,0,0,false,false,english,,normal,false,false,false,,1783170214000
6a49049f61e093d47bbb78d4,false,112,98,112,74.29,49;0;0;0,words,10,-1,11,5.25,0,14.52,false,false,english,,normal,false,false,false,,1783170207000
6a49048361e093d47bbb77e9,false,109.35,91.49,135.25,85.63,38;3;1;0,words,10,-1,5,4.17,0,14.18,false,false,english,,normal,false,false,false,,1783170179000
6a49046b61e093d47bbb7745,false,125.52,100,125.52,91.31,50;0;0;0,words,10,-1,0,4.78,0,0,false,false,english,,normal,false,false,false,,1783170155000
6a49046561e093d47bbb7705,false,118.41,100,118.41,80.27,52;0;0;0,words,10,-1,8,5.27,0,10.01,false,false,english,,normal,false,false,false,,1783170149000
6a49044861e093d47bbb7641,false,122.65,100,122.65,96.15,51;0;0;0,words,10,-1,5,4.99,0,11.42,false,false,english,,normal,false,false,false,,1783170120000
6a49043261e093d47bbb75b2,false,92.92,95.92,92.92,65.11,47;0;0;0,words,10,-1,3,6.07,0,6.05,false,false,english,,normal,false,false,false,,1783170098000
6a49042161e093d47bbb7531,false,113.94,100,113.94,89.47,47;0;0;0,words,10,-1,5,4.95,0,12.38,false,false,english,,normal,false,false,false,,1783170081000
6a49040b61e093d47bbb7498,false,103.83,98.11,103.83,76.29,52;0;0;0,words,10,-1,4,6.01,0,6.8,false,false,english,,normal,false,false,false,,1783170059000
6a4903fa61e093d47bbb7428,false,85.87,95.45,92.31,54.41,40;1;0;0,words,10,-1,3,5.59,0,4.07,false,false,english,,normal,false,false,false,,1783170042000
6a4903ed61e093d47bbb73ba,false,119.69,93.18,138.58,90.37,38;2;1;0,words,10,-1,1,3.81,0,0.88,false,false,english,,normal,false,false,false,,1783170029000
6a4903e561e093d47bbb737f,false,105.76,98,105.76,88.49,49;0;0;0,words,10,-1,0,5.56,0,0,false,false,english,,normal,false,false,false,,1783170021000
6a48f3cc61e093d47bbaf425,false,131.97,100,131.97,85.63,43;0;0;0,words,10,-1,2,3.91,0,1.72,false,false,english,,normal,false,false,false,,1783165900000
6a48f3c261e093d47bbaf3cf,false,112,92.45,121.14,90,49;4;0;0,words,10,-1,9,5.25,0,17.99,false,false,english,,normal,false,false,false,,1783165890000
6a48f3a361e093d47bbaf2dd,false,102.02,81.82,133.6,83.06,42;9;1;0,words,10,-1,5,4.94,0,13.14,false,false,english,,normal,false,false,false,,1783165859000
6a48f38b61e093d47bbaf236,false,111.15,100,111.15,73.33,54;0;0;0,words,10,-1,2,5.83,0,6.17,false,false,english,,normal,false,false,false,,1783165835000
6a48f37c61e093d47bbaf1c4,false,92.13,95.24,92.13,69.38,40;0;0;0,words,10,-1,6,5.21,0,11.39,false,false,english,,normal,false,false,false,,1783165820000
6a48f36561e093d47bbaf116,false,111.72,100,111.72,81.28,54;0;0;0,words,10,-1,1,5.8,0,1.38,false,false,english,,normal,false,false,false,,1783165797000
6a48d85261e093d47bba2e01,false,95.73,90,106.86,59.75,43;2;1;0,words,10,-1,20,5.39,0,38.94,false,false,english,,normal,false,false,false,,1783158866000
6a48d80d61e093d47bba2c29,false,109.95,98.31,109.95,78.72,58;0;0;0,words,10,-1,4,6.33,0,5.94,false,false,english,,normal,false,false,false,,1783158797000
6a48d7fc61e093d47bba2bb9,false,100.91,85.42,128.18,93.57,37;6;0;6,words,10,-1,1,4.4,0,1.08,false,false,english,,normal,false,false,false,,1783158780000
6a48d7f561e093d47bba2b81,false,106.19,94.55,116.81,91.35,50;2;1;0,words,10,-1,10,5.65,0,24.03,false,false,english,,normal,false,false,false,,1783158773000
6a48148361e093d47bb60b84,false,127.56,100,127.56,85.61,54;0;0;0,words,10,-1,5,5.08,0,11.05,false,false,english,,normal,false,false,false,,1783108739000
6a48146e61e093d47bb60aff,false,101.81,94.34,114.8,90.2,47;2;1;0,words,10,-1,5,5.54,0,8.34,false,false,english,,normal,false,false,false,,1783108718000
6a48145a61e093d47bb60a8a,false,124.41,100,124.41,81.16,48;0;0;0,words,10,-1,16,4.63,0,27.43,false,false,english,,normal,false,false,false,,1783108698000
6a48142b61e093d47bb6096a,false,103.23,93.18,113.55,92.52,40;2;1;0,words,10,-1,9,4.65,0,12.05,false,false,english,,normal,false,false,false,,1783108651000
6a48141261e093d47bb608c6,false,117.92,100,117.92,85.86,51;0;0;0,words,10,-1,11,5.19,0,56.6,false,false,english,,normal,false,false,false,,1783108626000
6a47e0dc61e093d47bb478ba,false,131.33,100,131.33,88.37,51;0;0;0,words,10,-1,3,4.66,0,3.44,false,false,english,,normal,false,false,false,,1783095516000
6a47e0d061e093d47bb4784c,false,116.67,100,116.67,85.87,49;0;0;0,words,10,-1,22,5.04,0,42.71,false,false,english,,normal,false,false,false,,1783095504000
6a47e08e61e093d47bb47625,false,110.37,100,110.37,84.77,55;0;0;0,words,10,-1,1,5.98,0,0.76,false,false,english,,normal,false,false,false,,1783095438000
6a46a87461e093d47bab7cbf,false,111.63,97.67,120,87.75,40;1;0;0,words,10,-1,5,4.3,0,10.99,false,false,english,,normal,false,false,false,,1783015540000
6a46a86061e093d47bab7c1c,false,111.46,96.08,120.95,85.86,47;2;0;0,words,10,-1,7,5.06,0,7.19,false,false,english,,normal,false,false,false,,1783015520000
6a46a84b61e093d47bab7b72,false,133.33,100,133.33,93.57,48;0;0;0,words,10,-1,3,4.32,0,4.97,false,false,english,,normal,false,false,false,,1783015499000
6a46a83f61e093d47bab7b16,false,108.84,89.58,131.16,100,39;3;1;2,words,10,-1,7,4.3,0,11.67,false,false,english,,normal,false,false,false,,1783015487000
6a46a82961e093d47bab7a60,false,99.86,100,99.86,77.81,59;0;0;0,words,10,-1,8,7.09,0,14.57,false,false,english,,normal,false,false,false,,1783015465000
6a46a80c61e093d47bab7975,false,104.35,100,104.35,87.33,58;0;0;0,words,10,-1,13,6.67,0,30.15,false,false,english,,normal,false,false,false,,1783015436000
6a46a7dc61e093d47bab77f4,false,126.46,100,126.46,89.35,45;0;0;0,words,10,-1,37,4.27,0,161.29,false,false,english,,normal,false,false,false,,1783015388000
6a469e8c61e093d47bab222d,false,113.48,100,113.48,81.43,47;0;0;0,words,10,-1,5,4.97,0,9.94,false,false,english,,normal,false,false,false,,1783013004000
6a469e4761e093d47bab1fbb,false,139.09,100,139.09,92.63,51;0;0;0,words,10,-1,2,4.4,0,6.38,false,false,english,,normal,false,false,false,,1783012935000
6a46968761e093d47baad305,false,117.6,100,117.6,79.21,49;0;0;0,words,10,-1,41,5,0,64.26,false,false,english,,normal,false,false,false,,1783010951000
6a46961d61e093d47baacebf,false,132.48,100,132.48,84.55,52;0;0;0,words,10,-1,19,4.71,0,30.06,false,false,english,,normal,false,false,false,,1783010845000
6a4695ec61e093d47baacc7b,false,109.09,95.83,124.68,91.84,42;2;0;0,words,10,-1,14,4.62,0,26.78,false,false,english,,normal,false,false,false,,1783010796000
6a4695c161e093d47baacac7,false,124.48,100,124.48,92.31,50;0;0;0,words,10,-1,2,4.82,0,3.16,false,false,english,,normal,false,false,false,,1783010753000
6a4695b661e093d47baaca54,false,104.11,87.5,131.51,91.91,38;5;1;0,words,10,-1,19,4.38,0,27.06,false,false,english,,normal,false,false,false,,1783010742000
6a46958861e093d47baac871,false,112.57,100,112.57,80.27,50;0;0;0,words,10,-1,3,5.33,0,3.24,false,false,english,,normal,false,false,false,,1783010696000
6a46957c61e093d47baac7e1,false,119.46,100,119.46,87.75,44;0;0;0,words,10,-1,26,4.42,0,42.88,false,false,english,,normal,false,false,false,,1783010684000
6a46953961e093d47baac511,false,117.79,90.91,134.97,79.04,48;5;0;1,words,10,-1,3,4.89,0,9.27,false,false,english,,normal,false,false,false,,1783010617000
6a46952761e093d47baac454,false,127.72,100,127.72,85.28,48;0;0;0,words,10,-1,2,4.51,0,3.11,false,false,english,,normal,false,false,false,,1783010599000
6a46951d61e093d47baac3e3,false,120.29,95.56,132.03,86.24,41;2;0;0,words,10,-1,5,4.09,0,8.65,false,false,english,,normal,false,false,false,,1783010589000
6a46950a61e093d47baac322,false,109.54,93.88,121.99,81.68,44;2;1;0,words,10,-1,24,4.82,0,31.83,false,false,english,,normal,false,false,false,,1783010570000
6a4694d361e093d47baac0ce,false,112.25,100,112.25,78.05,42;0;0;0,words,10,-1,30,4.49,0,60.42,false,false,english,,normal,false,false,false,,1783010515000
6a468bf561e093d47baa64d3,false,108.9,96.61,123.56,92.89,52;2;0;0,words,10,-1,1,5.73,0,1.02,false,false,english,,normal,false,false,false,,1783008245000
6a468beb61e093d47baa6467,false,110.28,90.38,136.54,76.31,42;4;1;0,words,10,-1,34,4.57,0,55.68,false,false,english,,normal,false,false,false,,1783008235000
6a468b8261e093d47baa601f,false,129.19,100,129.19,93.09,52;0;0;0,words,10,-1,2,4.83,0,3.52,false,false,english,,normal,false,false,false,,1783008130000
6a468b7561e093d47baa5faa,false,118.07,100,118.07,87.61,49;0;0;0,words,10,-1,10,4.98,0,14.5,false,false,english,,normal,false,false,false,,1783008117000
6a468b5761e093d47baa5e6b,false,129.95,100,129.95,88.87,47;0;0;0,words,10,-1,21,4.34,0,31.6,false,false,english,,normal,false,false,false,,1783008087000
6a468b2061e093d47baa5c34,false,126.45,100,126.45,83.65,51;0;0;0,words,10,-1,5,4.84,0,7.08,false,false,english,,normal,false,false,false,,1783008032000
6a468b0361e093d47baa5aee,false,125.63,100,125.63,87.24,58;0;0;0,words,10,-1,34,5.54,0,65.19,false,false,english,,normal,false,false,false,,1783008003000
6a468a8761e093d47baa5558,false,131.05,100,131.05,89.2,51;0;0;0,words,10,-1,0,4.67,0,0,false,false,english,,normal,false,false,false,,1783007879000
6a468a8161e093d47baa5510,false,89.87,94.74,100.44,86.19,51;3;0;0,words,10,-1,3,6.81,0,6.14,false,false,english,,normal,false,false,false,,1783007873000
6a4564b261e093d47ba17a92,false,107.42,90.2,133.62,89.59,41;4;1;0,words,10,-1,65,4.58,0,124.01,false,false,english,,normal,false,false,false,,1782932658000
6a4563fe61e093d47ba174ec,false,118.86,100,118.86,92.36,52;0;0;0,words,10,-1,12,5.25,0,18.84,false,false,english,,normal,false,false,false,,1782932478000
6a4563da61e093d47ba173bc,false,126.44,100,126.44,90.19,55;0;0;0,words,10,-1,31,5.22,0,49.16,false,false,english,,normal,false,false,false,,1782932442000
6a45636261e093d47ba16fda,false,116.05,100,116.05,79.94,47;0;0;0,words,10,-1,17,4.86,0,30.09,false,false,english,,normal,false,false,false,,1782932322000
6a45633061e093d47ba16e40,false,129.67,100,129.67,90.38,55;0;0;0,words,10,-1,1,5.09,0,0.75,false,false,english,,normal,false,false,false,,1782932272000
6a45632861e093d47ba16de6,false,120,100,120,85.86,54;0;0;0,words,10,-1,0,5.4,0,0,false,false,english,,normal,false,false,false,,1782932264000
6a45631d61e093d47ba16d94,false,128.48,100,128.48,91.72,53;0;0;0,words,10,-1,5,4.95,0,6.92,false,false,english,,normal,false,false,false,,1782932253000
6a45630b61e093d47ba16cfc,false,128.83,100,128.83,87.2,54;0;0;0,words,10,-1,3,5.03,0,9.72,false,false,english,,normal,false,false,false,,1782932235000
6a4562f761e093d47ba16c57,false,130.32,100,130.32,95.24,48;0;0;0,words,10,-1,2,4.42,0,4.05,false,false,english,,normal,false,false,false,,1782932215000
6a4562ea61e093d47ba16be5,false,114.08,94.64,122.85,95.29,52;3;0;0,words,10,-1,22,5.47,0,42.6,false,false,english,,normal,false,false,false,,1782932202000
6a4562a861e093d47ba169c0,false,106.43,84.62,138.36,91.28,40;6;2;0,words,10,-1,17,4.51,0,32.93,false,false,english,,normal,false,false,false,,1782932136000
6a45627361e093d47ba167f3,false,125.99,100,125.99,80.5,61;0;0;0,words,10,-1,3,5.81,0,3.07,false,false,english,,normal,false,false,false,,1782932083000
6a45622a61e093d47ba16547,false,126.32,100,126.32,89.55,42;0;0;0,words,10,-1,5,3.99,0,8.82,false,false,english,,normal,false,false,false,,1782932010000
6a45621661e093d47ba1648b,false,131.81,100,131.81,82.14,48;0;0;0,words,10,-1,0,4.37,0,0,false,false,english,,normal,false,false,false,,1782931990000
6a45621061e093d47ba16450,false,105.58,83.93,144.21,91.39,41;7;2;0,words,10,-1,3,4.66,0,5.28,false,false,english,,normal,false,false,false,,1782931984000
6a4561ff61e093d47ba163a7,false,126.43,100,126.43,84.38,57;0;0;0,words,10,-1,0,5.41,0,0,false,false,english,,normal,false,false,false,,1782931967000
6a4561f761e093d47ba16360,false,122,96.55,128.65,90.19,55;2;0;0,words,10,-1,19,5.41,0,32.31,false,false,english,,normal,false,false,false,,1782931959000
6a4561b961e093d47ba16153,false,125.42,100,125.42,91.91,44;0;0;0,words,10,-1,1,4.21,0,1.16,false,false,english,,normal,false,false,false,,1782931897000
6a4561b261e093d47ba1610b,false,109.69,96.15,109.69,66.31,50;0;0;0,words,10,-1,7,5.47,0,13.89,false,false,english,,normal,false,false,false,,1782931890000
6a45615f61e093d47ba15e67,false,123.64,100,123.64,88.39,51;0;0;0,words,10,-1,10,4.95,0,19.96,false,false,english,,normal,false,false,false,,1782931807000
6a45613d61e093d47ba15d2c,false,108.13,96.49,120.85,87.03,51;2;0;0,words,10,-1,0,5.66,0,0,false,false,english,,normal,false,false,false,,1782931773000
6a45613661e093d47ba15ce7,false,88.4,78.57,121.55,87.35,40;10;1;8,words,10,-1,8,5.43,0,12.99,false,false,english,,normal,false,false,false,,1782931766000
6a45611d61e093d47ba15bf6,false,107.05,91.67,119.5,93.56,43;3;1;0,words,10,-1,14,4.82,0,22.84,false,false,english,,normal,false,false,false,,1782931741000
6a4560f561e093d47ba15a91,false,85.94,92.06,92.19,72.5,55;2;0;0,words,10,-1,9,7.68,0,23.41,false,false,english,,normal,false,false,false,,1782931701000
6a4560cd61e093d47ba15917,false,109.09,89.09,130.43,93.07,46;6;0;1,words,10,-1,9,5.06,0,23.01,false,false,english,,normal,false,false,false,,1782931661000
6a455f2261e093d47ba14a2d,false,115.22,100,115.22,87.14,53;0;0;0,words,10,-1,2,5.52,0,3.13,false,false,english,,normal,false,false,false,,1782931234000
6a455f1761e093d47ba149c0,false,117.88,100,117.88,90,50;0;0;0,words,10,-1,6,5.09,0,10.17,false,false,english,,normal,false,false,false,,1782931223000
6a4554e461e093d47ba0dfcf,false,127.55,100,127.55,84.07,49;0;0;0,words,10,-1,5,4.61,0,7.66,false,false,english,,normal,false,false,false,,1782928612000
6a453a0061e093d47b9fe564,false,89.07,86,123.71,86.16,36;6;1;1,words,10,-1,13,4.85,0,28.32,false,false,english,,normal,false,false,false,,1782921728000
6a4539d461e093d47b9fe3cc,false,116.7,100,116.7,88.25,46;0;0;0,words,10,-1,10,4.73,0,20.15,false,false,english,,normal,false,false,false,,1782921684000
6a4539b361e093d47b9fe284,false,90.57,83.58,137.91,82.66,44;9;2;0,words,10,-1,4,5.83,0,6.3,false,false,english,,normal,false,false,false,,1782921651000
6a4539a361e093d47b9fe1d9,false,108.43,95.92,118.07,72.18,45;2;0;0,words,10,-1,15,4.98,0,27.08,false,false,english,,normal,false,false,false,,1782921635000
6a45397661e093d47b9fe023,false,100,90.57,120.45,80.21,44;4;1;0,words,10,-1,7,5.28,0,9.99,false,false,english,,normal,false,false,false,,1782921590000
6a45396161e093d47b9fdf4e,false,114.29,100,114.29,73.91,52;0;0;0,words,10,-1,10,5.46,0,15.49,false,false,english,,normal,false,false,false,,1782921569000
6a45394361e093d47b9fde10,false,104.35,96.15,123.32,83.13,44;2;0;1,words,10,-1,1,5.06,0,3.8,false,false,english,,normal,false,false,false,,1782921539000
6a45393761e093d47b9fdda7,false,135.12,95.56,144.77,93.97,42;2;0;0,words,10,-1,8,3.73,0,10.09,false,false,english,,normal,false,false,false,,1782921527000
6a45392261e093d47b9fdcc3,false,117.5,100,117.5,76.62,47;0;0;0,words,10,-1,8,4.8,0,12.67,false,false,english,,normal,false,false,false,,1782921506000
6a45390761e093d47b9fdbb7,false,135.44,100,135.44,88.45,50;0;0;0,words,10,-1,0,4.43,0,0,false,false,english,,normal,false,false,false,,1782921479000
6a45390161e093d47b9fdb74,false,124.22,100,124.22,82.03,53;0;0;0,words,10,-1,3,5.12,0,9.45,false,false,english,,normal,false,false,false,,1782921473000
6a4538ee61e093d47b9fdab3,false,125.89,100,125.89,95.24,47;0;0;0,words,10,-1,0,4.48,0,0,false,false,english,,normal,false,false,false,,1782921454000
6a45388561e093d47b9fd691,false,112.94,94.34,124.71,79.06,48;2;1;0,words,10,-1,5,5.1,0,5.24,false,false,english,,normal,false,false,false,,1782921349000
6a45387661e093d47b9fd603,false,103.67,91.84,127,79.62,40;3;1;0,words,10,-1,32,4.63,0,50.33,false,false,english,,normal,false,false,false,,1782921334000
6a45382661e093d47b9fd2eb,false,131.87,100,131.87,87.2,50;0;0;0,words,10,-1,5,4.55,0,6.91,false,false,english,,normal,false,false,false,,1782921254000
6a45381661e093d47b9fd245,false,94.27,91.11,114.65,85.89,37;4;0;1,words,10,-1,7,4.71,0,11.37,false,false,english,,normal,false,false,false,,1782921238000
6a4537fe61e093d47b9fd157,false,129.16,100,129.16,85.88,55;0;0;0,words,10,-1,4,5.11,0,8.04,false,false,english,,normal,false,false,false,,1782921214000
6a4537eb61e093d47b9fd0ac,false,124.14,100,124.14,79.24,48;0;0;0,words,10,-1,3,4.64,0,7.31,false,false,english,,normal,false,false,false,,1782921195000
6a4537dc61e093d47b9fd018,false,123.08,96.15,133.33,88.29,48;2;0;0,words,10,-1,27,4.68,0,50.81,false,false,english,,normal,false,false,false,,1782921180000
6a45379061e093d47b9fcd04,false,101.03,88.24,125.67,91.64,41;5;1;0,words,10,-1,4,4.87,0,14.45,false,false,english,,normal,false,false,false,,1782921104000
6a45377761e093d47b9fcc06,false,123.92,100,123.92,87.87,60;0;0;0,words,10,-1,7,5.81,0,14.9,false,false,english,,normal,false,false,false,,1782921079000
6a45375c61e093d47b9fcafd,false,100,94.23,115.56,80.68,45;2;1;0,words,10,-1,6,5.4,0,9.59,false,false,english,,normal,false,false,false,,1782921052000
6a45374861e093d47b9fca1a,false,130.38,100,130.38,88.59,54;0;0;0,words,10,-1,3,4.97,0,7.7,false,false,english,,normal,false,false,false,,1782921032000
6a4536d961e093d47b9fc566,false,117.42,100,117.42,81.84,50;0;0;0,words,10,-1,9,5.11,0,22.1,false,false,english,,normal,false,false,false,,1782920921000
6a4536b661e093d47b9fc3cd,false,93.63,84.31,125.67,85.25,38;7;1;1,words,10,-1,0,4.87,0,0,false,false,english,,normal,false,false,false,,1782920886000
6a4536af61e093d47b9fc38b,false,109.27,100,109.27,83.03,56;0;0;0,words,10,-1,12,6.15,0,23.16,false,false,english,,normal,false,false,false,,1782920879000
6a45368861e093d47b9fc1e5,false,112.06,92.45,123.74,86.96,48;4;0;0,words,10,-1,9,5.14,0,25.14,false,false,english,,normal,false,false,false,,1782920840000
6a45366261e093d47b9fc04c,false,117.7,87.76,140.67,95.65,41;4;2;0,words,10,-1,0,4.18,0,0,false,false,english,,normal,false,false,false,,1782920802000
6a45365c61e093d47b9fc009,false,115.48,100,115.48,73.52,46;0;0;0,words,10,-1,5,4.78,0,14.52,false,false,english,,normal,false,false,false,,1782920796000
6a45364461e093d47b9fbf1a,false,130.38,100,130.38,90.48,49;0;0;0,words,10,-1,6,4.51,0,9.42,false,false,english,,normal,false,false,false,,1782920772000
6a45362d61e093d47b9fbe26,false,129.67,100,129.67,87.2,55;0;0;0,words,10,-1,6,5.09,0,12.45,false,false,english,,normal,false,false,false,,1782920749000
6a45361661e093d47b9fbd24,false,94.61,87.76,121.99,92.66,38;4;2;0,words,10,-1,6,4.82,0,7.47,false,false,english,,normal,false,false,false,,1782920726000
6a45360461e093d47b9fbc64,false,117.01,91.49,127.89,89.35,43;4;0;0,words,10,-1,10,4.41,0,23.8,false,false,english,,normal,false,false,false,,1782920708000
6a4535df61e093d47b9fbabb,false,102.58,95.16,120,82.97,53;2;1;0,words,10,-1,22,6.2,0,41.48,false,false,english,,normal,false,false,false,,1782920671000
6a45359d61e093d47b9fb7fb,false,131.97,95.56,138.11,76.46,43;2;0;0,words,10,-1,0,3.91,0,0,false,false,english,,normal,false,false,false,,1782920605000
6a45359761e093d47b9fb7b4,false,132.13,100,132.13,92.63,49;0;0;0,words,10,-1,1,4.45,0,1.62,false,false,english,,normal,false,false,false,,1782920599000
6a45358e61e093d47b9fb763,false,121.37,100,121.37,90,53;0;0;0,words,10,-1,11,5.24,0,21.95,false,false,english,,normal,false,false,false,,1782920590000
6a45356961e093d47b9fb5dd,false,113.25,100,113.25,79.13,52;0;0;0,words,10,-1,3,5.51,0,6.55,false,false,english,,normal,false,false,false,,1782920553000
6a45355a61e093d47b9fb524,false,116.55,100,116.55,83.11,54;0;0;0,words,10,-1,0,5.56,0,0,false,false,english,,normal,false,false,false,,1782920538000
6a45355361e093d47b9fb4e1,false,125.2,100,125.2,96.08,53;0;0;0,words,10,-1,2,5.08,0,3.54,false,false,english,,normal,false,false,false,,1782920531000
6a45354861e093d47b9fb47a,false,121.21,100,121.21,87.76,50;0;0;0,words,10,-1,5,4.95,0,7.68,false,false,english,,normal,false,false,false,,1782920520000
6a45353761e093d47b9fb3b3,false,129.73,93.75,141.52,87.41,44;3;0;0,words,10,-1,5,4.07,0,12.08,false,false,english,,normal,false,false,false,,1782920503000
6a4534e861e093d47b9fb090,false,109.09,90.2,120.95,85.86,46;5;0;0,words,10,-1,4,5.06,0,5.97,false,false,english,,normal,false,false,false,,1782920424000
6a4534d961e093d47b9faff7,false,99.79,90.2,127.23,90.14,40;4;1;0,words,10,-1,6,4.81,0,13.88,false,false,english,,normal,false,false,false,,1782920409000
6a4534c261e093d47b9faf0f,false,94.06,89.13,131.12,87.92,33;4;1;0,words,10,-1,6,4.21,0,14.91,false,false,english,,normal,false,false,false,,1782920386000
6a4534a961e093d47b9fae12,false,105.81,93.88,126.45,87.98,41;2;1;0,words,10,-1,0,4.65,0,0,false,false,english,,normal,false,false,false,,1782920361000
6a4534a361e093d47b9fadce,false,113.17,100,113.17,79.93,53;0;0;0,words,10,-1,12,5.62,0,18.77,false,false,english,,normal,false,false,false,,1782920355000
6a45348161e093d47b9fac8b,false,92.86,100,92.86,69.7,52;0;0;0,words,10,-1,11,6.72,0,19.37,false,false,english,,normal,false,false,false,,1782920321000
6a45345d61e093d47b9faafb,false,114.86,91.11,136.02,86.05,38;4;0;0,words,10,-1,15,3.97,0,24.18,false,false,english,,normal,false,false,false,,1782920285000
6a45343161e093d47b9fa92a,false,124.91,100,124.91,87.2,56;0;0;0,words,10,-1,4,5.38,0,7.42,false,false,english,,normal,false,false,false,,1782920241000
6a45332b61e093d47b9f9eb4,false,128.21,100,128.21,81.97,50;0;0;0,words,10,-1,4,4.68,0,4.43,false,false,english,,normal,false,false,false,,1782919979000
6a45331e61e093d47b9f9e2b,false,127,94.44,139.96,79.98,49;2;1;0,words,10,-1,0,4.63,0,0,false,false,english,,normal,false,false,false,,1782919966000
6a45331861e093d47b9f9dec,false,90.23,94.12,115.04,81.3,40;3;0;1,words,10,-1,18,5.32,0,38.32,false,false,english,,normal,false,false,false,,1782919960000
6a4532d961e093d47b9f9b69,false,113.03,96.08,122.65,85.74,47;2;0;1,words,10,-1,1,4.99,0,0.94,false,false,english,,normal,false,false,false,,1782919897000
6a4532d161e093d47b9f9b24,false,113.92,94,126.58,88.16,45;2;1;0,words,10,-1,8,4.74,0,20.45,false,false,english,,normal,false,false,false,,1782919889000
6a4532a561e093d47b9f9988,false,132.26,100,132.26,89.91,55;0;0;0,words,10,-1,3,4.99,0,9.46,false,false,english,,normal,false,false,false,,1782919845000
6a45328e61e093d47b9f98a8,false,105.62,89.66,130.34,84.67,47;5;1;0,words,10,-1,0,5.34,0,0,false,false,english,,normal,false,false,false,,1782919822000
6a45328761e093d47b9f985f,false,117.14,93.48,131.43,87.92,41;2;1;0,words,10,-1,1,4.2,0,2.4,false,false,english,,normal,false,false,false,,1782919815000
6a4514cd61e093d47b9e52f6,false,133.02,100,133.02,93.57,47;0;0;0,words,10,-1,4,4.24,0,10.03,false,false,english,,normal,false,false,false,,1782912205000
6a4514bb61e093d47b9e5234,false,103.17,89.13,124.89,89.35,38;4;1;0,words,10,-1,5,4.42,0,6.14,false,false,english,,normal,false,false,false,,1782912187000
6a4514ab61e093d47b9e518b,false,108.9,96.43,115.07,89.14,53;2;0;0,words,10,-1,9,5.84,0,16.19,false,false,english,,normal,false,false,false,,1782912171000
6a45148d61e093d47b9e5046,false,118.81,96.43,133.07,89.2,50;2;0;0,words,10,-1,6,5.05,0,13.56,false,false,english,,normal,false,false,false,,1782912141000
6a45147561e093d47b9e4f34,false,110.83,100,110.83,84.16,52;0;0;0,words,10,-1,13,5.63,0,25.65,false,false,english,,normal,false,false,false,,1782912117000
6a45141261e093d47b9e4abe,false,124.04,100,124.04,89.37,46;0;0;0,words,10,-1,0,4.45,0,0,false,false,english,,normal,false,false,false,,1782912018000
6a4513fd61e093d47b9e49e6,false,109.09,94.55,122.45,85.86,49;2;1;0,words,10,-1,1,5.39,0,0.42,false,false,english,,normal,false,false,false,,1782911997000
6a4513f561e093d47b9e499a,false,103.08,91.49,124.23,80.73,39;3;1;0,words,10,-1,1,4.54,0,2.24,false,false,english,,normal,false,false,false,,1782911989000
6a4513ed61e093d47b9e4923,false,97.09,94.83,112.62,85.34,50;2;1;0,words,10,-1,11,6.18,0,28.33,false,false,english,,normal,false,false,false,,1782911981000
6a4512cb61e093d47b9e3c7d,false,133.04,100,133.04,79.06,51;0;0;0,words,10,-1,3,4.6,0,4.09,false,false,english,,normal,false,false,false,66f0476a66c51bbe14fbe34c;693b17813540add646bcb3ef,1782911691000
6a4512ad61e093d47b9e3b4a,false,134.23,100,134.23,87.92,50;0;0;0,words,10,-1,0,4.47,0,0,false,false,english,,normal,false,false,false,66f0476a66c51bbe14fbe34c;693b17813540add646bcb3ef,1782911661000
6a4512a761e093d47b9e3b18,false,119.72,100,119.72,90.88,43;0;0;0,words,10,-1,2,4.31,0,1.53,false,false,english,,normal,false,false,false,66f0476a66c51bbe14fbe34c;693b17813540add646bcb3ef,1782911655000
6a45129561e093d47b9e3a61,false,116.3,95.83,126.87,87.48,44;2;0;0,words,10,-1,0,4.54,0,0,false,false,english,,normal,false,false,false,66f0476a66c51bbe14fbe34c;693b17813540add646bcb3ef,1782911637000
6a45128f61e093d47b9e3a15,false,110.46,95.92,123.01,94.17,44;2;0;0,words,10,-1,6,4.78,0,9.94,false,false,english,,normal,false,false,false,66f0476a66c51bbe14fbe34c;693b17813540add646bcb3ef,1782911631000
6a45127a61e093d47b9e3927,false,121.85,100,121.85,58.41,46;0;0;0,words,10,-1,0,4.53,0,0,false,false,english,,normal,false,false,false,66f0476a66c51bbe14fbe34c;693b17813540add646bcb3ef,1782911610000
6a45127461e093d47b9e38ef,false,94.36,92.31,106.67,53.91,46;3;1;0,words,10,-1,1,5.85,0,0.94,false,false,english,,normal,false,false,false,66f0476a66c51bbe14fbe34c;693b17813540add646bcb3ef,1782911604000
6a45126b61e093d47b9e38a1,false,122.94,100,122.94,89.35,46;0;0;0,words,10,-1,1,4.49,0,1.76,false,false,english,,normal,false,false,false,66f0476a66c51bbe14fbe34c;693b17813540add646bcb3ef,1782911595000
6a44d6a761e093d47b9c1619,false,92.99,88.46,115.13,74.83,42;6;0;1,words,10,-1,6,5.42,0,10.37,false,false,english,,normal,false,false,false,,1782896295000
6a44d69361e093d47b9c155f,false,89.45,88.68,115.64,89.68,41;6;0;1,words,10,-1,34,5.5,0,51.96,false,false,english,,normal,false,false,false,,1782896275000
6a44d62461e093d47b9c1153,false,134.42,100,134.42,87.59,55;0;0;0,words,10,-1,22,4.91,0,38.53,false,false,english,,normal,false,false,false,,1782896164000
6a44d5b661e093d47b9c0d1f,false,111.26,93.88,129.8,89.52,42;3;0;1,words,10,-1,5,4.53,0,8.43,false,false,english,,normal,false,false,false,,1782896054000
6a44d5a561e093d47b9c0c6c,false,111.79,89.66,132.32,90.93,49;5;1;0,words,10,-1,1,5.26,0,1.15,false,false,english,,normal,false,false,false,,1782896037000
6a44d59d61e093d47b9c0c20,false,110.56,95.65,124.04,84.21,41;2;0;0,words,10,-1,5,4.45,0,5.13,false,false,english,,normal,false,false,false,,1782896029000
6a44d57461e093d47b9c0ac1,false,114.42,93.62,131.16,83.39,41;2;1;0,words,10,-1,7,4.3,0,12.66,false,false,english,,normal,false,false,false,,1782895988000
6a44d55d61e093d47b9c09e0,false,92.68,83.64,134.15,91.36,38;7;2;0,words,10,-1,24,4.92,0,46.52,false,false,english,,normal,false,false,false,,1782895965000
6a44d50d61e093d47b9c06c9,false,123.94,93.88,138.03,96.15,44;2;1;0,words,10,-1,5,4.26,0,8.22,false,false,english,,normal,false,false,false,,1782895885000
6a44d4fc61e093d47b9c0619,false,90,77.19,129.23,84.07,39;11;1;3,words,10,-1,2,5.2,0,1.72,false,false,english,,normal,false,false,false,,1782895868000
6a44d4f161e093d47b9c05b8,false,120.48,100,120.48,83.62,50;0;0;0,words,10,-1,6,4.98,0,9.37,false,false,english,,normal,false,false,false,,1782895857000
6a44d4de61e093d47b9c0501,false,109.76,94,121.95,81.86,45;2;1;0,words,10,-1,15,4.92,0,30.49,false,false,english,,normal,false,false,false,,1782895838000
6a44d4ae61e093d47b9c0350,false,102.94,83.33,141.18,90.31,35;7;1;1,words,10,-1,8,4.08,0,8.9,false,false,english,,normal,false,false,false,,1782895790000
6a44d49961e093d47b9c02a5,false,135.58,100,135.58,88.87,47;0;0;0,words,10,-1,8,4.16,0,11.11,false,false,english,,normal,false,false,false,,1782895769000
6a44d43a61e093d47b9bff94,false,120.24,100,120.24,89.05,51;0;0;0,words,10,-1,7,5.09,0,7.91,false,false,english,,normal,false,false,false,,1782895674000
6a44d42761e093d47b9bfefe,false,118.25,100,118.25,91.67,54;0;0;0,words,10,-1,0,5.48,0,0,false,false,english,,normal,false,false,false,,1782895655000
6a44d42161e093d47b9bfec0,false,97.37,85.37,117.42,85.96,34;6;0;1,words,10,-1,11,4.19,0,24.03,false,false,english,,normal,false,false,false,,1782895649000
6a44d3fc61e093d47b9bfd6d,false,113.68,96.43,113.68,74.96,54;0;0;0,words,10,-1,14,5.7,0,32.36,false,false,english,,normal,false,false,false,,1782895612000
6a44d08f61e093d47b9bdf47,false,130.15,100,130.15,81.41,50;0;0;0,words,10,-1,6,4.61,0,11.2,false,false,english,,normal,false,false,false,,1782894735000
6a44d07761e093d47b9bde79,false,128.48,100,128.48,81.33,53;0;0;0,words,10,-1,1,4.95,0,3.7,false,false,english,,normal,false,false,false,,1782894711000
6a44d06961e093d47b9bddff,false,117.21,92,139.53,78.8,42;4;0;1,words,10,-1,1,4.3,0,3.34,false,false,english,,normal,false,false,false,,1782894697000
6a44d05f61e093d47b9bdda7,false,82.76,80.95,113.1,84.21,30;6;1;4,words,10,-1,2,4.35,0,4.14,false,false,english,,normal,false,false,false,,1782894687000
6a44d05461e093d47b9bdd4b,false,127.15,100,127.15,87.04,48;0;0;0,words,10,-1,2,4.53,0,1.52,false,false,english,,normal,false,false,false,,1782894676000
6a44d04b61e093d47b9bdd01,false,131.34,100,131.34,83.39,44;0;0;0,words,10,-1,1,4.02,0,0.6,false,false,english,,normal,false,false,false,,1782894667000
6a44d04561e093d47b9bdcb6,false,124.25,93.33,147.14,94.75,38;2;1;0,words,10,-1,1,3.67,0,1.01,false,false,english,,normal,false,false,false,,1782894661000
6a44d03e61e093d47b9bdc84,false,113.92,94,126.58,91.65,45;2;1;0,words,10,-1,1,4.74,0,1.06,false,false,english,,normal,false,false,false,,1782894654000
6a422c1961e093d47b86ac62,false,97.45,100,97.45,83.86,51;0;0;0,words,10,-1,11,6.28,0,29.31,false,false,english,,normal,false,false,false,,1782721561000
6a422bdf61e093d47b86aa09,false,109.09,96.15,109.09,73.01,50;0;0;0,words,10,-1,4,5.5,0,9.59,false,false,english,,normal,false,false,false,,1782721503000
6a422bcb61e093d47b86a963,false,90.71,97.96,90.71,79.15,48;0;0;0,words,10,-1,3,6.35,0,4.71,false,false,english,,normal,false,false,false,,1782721483000
6a422bbd61e093d47b86a8d9,false,107.87,94.55,123.6,90.39,48;2;1;0,words,10,-1,0,5.34,0,0,false,false,english,,normal,false,false,false,,1782721469000
6a422bb661e093d47b86a899,false,86.81,96.3,86.81,56.36,51;0;0;0,words,10,-1,10,7.05,0,21.85,false,false,english,,normal,false,false,false,,1782721462000
6a422b7a61e093d47b86a698,false,106.27,89.29,123.99,83.13,48;5;1;0,words,10,-1,3,5.42,0,4.02,false,false,english,,normal,false,false,false,,1782721402000
6a422b6d61e093d47b86a614,false,96.19,81.48,129.86,93.24,40;8;2;0,words,10,-1,0,4.99,0,0,false,false,english,,normal,false,false,false,,1782721389000
6a422b6661e093d47b86a5d9,false,118.97,100,118.97,84.53,46;0;0;0,words,10,-1,1,4.64,0,1.38,false,false,english,,normal,false,false,false,,1782721382000
6a422b5761e093d47b86a54a,false,43.15,100,43.15,64.6,52;0;0;0,words,10,-1,1,14.46,0,17.97,false,false,english,,normal,false,false,false,,1782721367000
6a422b2a61e093d47b86a3b0,false,121.19,100,121.19,85.86,51;0;0;0,words,10,-1,3,5.05,0,2.07,false,false,english,,normal,false,false,false,,1782721322000
6a422b1f61e093d47b86a345,false,105.31,91.11,124.71,91.91,38;3;1;0,words,10,-1,2,4.33,0,2.78,false,false,english,,normal,false,false,false,,1782721311000
6a422b1561e093d47b86a2fb,false,115.75,100,115.75,91.49,49;0;0;0,words,10,-1,6,5.08,0,9.76,false,false,english,,normal,false,false,false,,1782721301000
6a422b0061e093d47b86a229,false,102.65,91.84,117.31,84.44,42;3;0;3,words,10,-1,7,4.91,0,11.5,false,false,english,,normal,false,false,false,,1782721280000
6a422ae961e093d47b86a13b,false,113.94,100,113.94,82.25,47;0;0;0,words,10,-1,1,4.95,0,0.5,false,false,english,,normal,false,false,false,,1782721257000
6a4224c661e093d47b8669d9,false,83.52,93.18,96.7,73.78,38;2;1;0,words,10,-1,2,5.46,0,2.69,false,false,english,,normal,false,false,false,,1782719686000
6a4223b761e093d47b8660a7,false,106.67,96,121.21,86.57,44;1;1;0,words,10,-1,1,4.95,0,4.36,false,false,english,,normal,false,false,false,,1782719415000